{
  "total_runs": 118,
  "successful_runs": 117,
  "failed_runs": 0,
  "total_assignments_processed": 291,
  "total_notifications_sent": 115,
  "average_processing_time": 149.32844676866316,
  "last_successful_run": "2025-01-29T17:35:07.586608",
  "last_failed_run": null,
  "error_counts": {
    "notification_success": 23,
    "notification_failure": 50
  },
  "validation_error_counts": {
    "service_type: Unknown service type. Valid types: In-person Interpretation, Document Translation, Video Interpretation, Phone Interpretation": 1,
    "service_type: Unknown service type. Valid types: Video Interpretation, Phone Interpretation, Document Translation, In-person Interpretation": 1,
    "date_time: Missing required field": 2,
    "customer: Invalid customer name format": 45,
    "language: Possible typo. Did you mean: French?": 10
  },
  "success_counts": {
    "notification_sent": 42
  },
  "recent_processing_times": [
    98.42747640609741,
    109.32878398895264,
    99.73922824859619,
    101.36026573181152,
    106.22617864608765,
    96.70570087432861,
    101.22708630561829,
    106.69897079467773,
    121.58327889442444,
    102.3839476108551,
    103.3387041091919,
    103.35202550888062,
    99.88271474838257,
    105.32947325706482,
    96.87008929252625,
    125.5114815235138,
    132.38079595565796,
    143.9418342113495,
    134.26092314720154,
    146.56023573875427,
    179.3095338344574,
    136.10845375061035,
    131.85697722434998,
    159.27284169197083,
    125.48501539230347,
    130.00566744804382,
    134.7640302181244,
    131.2244942188263,
    118.93529725074768,
    128.6727774143219,
    125.70164227485657,
    119.44141244888306,
    133.40682864189148,
    143.31321382522583,
    119.64214944839478,
    137.32380199432373,
    112.26657152175903,
    105.9417290687561,
    123.22768068313599,
    116.77672815322876,
    108.56348133087158,
    109.94682192802429,
    109.53405117988586,
    111.07330822944641,
    110.00921082496643,
    146.84316658973694,
    120.7505214214325,
    108.77219295501709,
    115.52134847640991,
    112.25148391723633,
    118.88235640525818,
    112.5428454875946,
    107.04209589958191,
    105.49630880355835,
    127.6253252029419,
    130.54566049575806,
    163.39944672584534,
    165.49555778503418,
    124.32412147521973,
    118.74223589897156,
    120.77435040473938,
    133.0001654624939,
    120.48035216331482,
    132.35150480270386,
    121.23866772651672,
    129.7496039867401,
    125.94722628593445,
    123.41931390762329,
    115.15792441368103,
    119.52133703231812,
    124.60216999053955,
    109.38998556137085,
    113.30315160751343,
    132.2061824798584,
    109.08910536766052,
    113.44545865058899,
    118.32158541679382,
    130.69919109344482,
    131.82989978790283,
    134.58226585388184,
    147.24889063835144,
    149.52821159362793,
    143.48735404014587,
    147.83894181251526,
    146.37006092071533,
    150.5420367717743,
    149.37893056869507,
    180.7767140865326,
    170.27558636665344,
    154.50836491584778,
    166.49074149131775,
    170.24021172523499
  ],
  "recent_error_rates": [
    0.0,
    0.0,
    0.0,
    0.0,
    0.0,
    0.0,
    0.0,
    0.0,
    0.0,
    0.0,
    0.0,
    0.0,
    0.0,
    0.0,
    0.0,
    0.0,
    0.0,
    0.0,
    0.0,
    0.0,
    0.0,
    0.0,
    0.0,
    0.0,
    0.0,
    0.0,
    0.0,
    0.0,
    0.0,
    0.0,
    0.0,
    0.0,
    0.0,
    0.0,
    0.0,
    0.0,
    0.0,
    0.0,
    0.0,
    0.0,
    0.0,
    0.0,
    0.0,
    0.0,
    0.0,
    0.0,
    0.0,
    0.0,
    0.0,
    0.0,
    0.0,
    0.0,
    0.0,
    0.0,
    0.0,
    0.0,
    0.0,
    0.0,
    0.0,
    0.0,
    0.0,
    0.0,
    0.0,
    0.0,
    0.0,
    0.0,
    0.0,
    0.0,
    0.0,
    0.0,
    0.0,
    0.0,
    0.0,
    0.0,
    0.0,
    0.0,
    0.0,
    0.0,
    0.0,
    0.0,
    0.0,
    0.0,
    0.0,
    0.0,
    0.0,
    0.0,
    0.0,
    0.0,
    0.0,
    0.0,
    0.0,
    0.0
  ],
  "max_history_size": 100
}