{
  "total_runs": 50,
  "successful_runs": 49,
  "failed_runs": 0,
  "total_assignments_processed": 75,
  "total_notifications_sent": 47,
  "average_processing_time": 129.11308333832446,
  "last_successful_run": "2025-01-27T18:13:30.620769",
  "last_failed_run": null,
  "error_counts": {
    "notification_success": 23
  },
  "validation_error_counts": {
    "service_type: Unknown service type. Valid types: In-person Interpretation, Document Translation, Video Interpretation, Phone Interpretation": 1,
    "service_type: Unknown service type. Valid types: Video Interpretation, Phone Interpretation, Document Translation, In-person Interpretation": 1,
    "date_time: Missing required field": 2,
    "customer: Invalid customer name format": 45,
    "language: Possible typo. Did you mean: French?": 10
  },
  "success_counts": {
    "notification_sent": 24
  },
  "recent_processing_times": [
    98.42747640609741,
    109.32878398895264,
    99.73922824859619,
    101.36026573181152,
    106.22617864608765,
    96.70570087432861,
    101.22708630561829,
    106.69897079467773,
    121.58327889442444,
    102.3839476108551,
    103.3387041091919,
    103.35202550888062,
    99.88271474838257,
    105.32947325706482,
    96.87008929252625,
    125.5114815235138,
    132.38079595565796,
    143.9418342113495,
    134.26092314720154,
    146.56023573875427,
    179.3095338344574,
    136.10845375061035,
    131.85697722434998,
    159.27284169197083
  ],
  "recent_error_rates": [
    0.0,
    0.0,
    0.0,
    0.0,
    0.0,
    0.0,
    0.0,
    0.0,
    0.0,
    0.0,
    0.0,
    0.0,
    0.0,
    0.0,
    0.0,
    0.0,
    0.0,
    0.0,
    0.0,
    0.0,
    0.0,
    0.0,
    0.0,
    0.0
  ],
  "max_history_size": 100
}